1950,1951,1952,1953,1954,1955,1956,1957,1958,1959,1960,1961,1962,1963,1964,1965,1966,1967,1968,1969,1970,1971,1972,1973,1974,1975,1976,1977,1978,1979,1980,1981,1982,1983,1984,1985,1986,1987,1988,1989,1990,1991,1992,1993,1994,1995,1996,1997,1998,1999,2000,2001,2002,2003,2004,2005,2006,2007,2008,2009,2010,2011,2012,2013,2014,2015,2016,2017,2018,2019,2020,2021,2022,2023
589.164,598.024,615.147,631.378,647.677,665.265,680.827,699.913,719.59,739.409,760.765,784.631,810.133,839.301,868.9,898.947,926.774,953.951,980.302,1008.25,1031.226,1052.519,1071.282,1086.057,1097.413,1106.138,1107.935,1111.262,1114.963,1123.459,1116.575,1109.299,1111.765,1114.029,1113.819,1116.63,1121.565,1127.702,1134.599,1140.812,1135.904,1158.342,1162.475,1160.112,1157.704,1157.872,1154.706,1143.327,1134.48,1134.107,1129.097,1147.211,1145.156,1142.987,1132.727,1125.84,1118.673,1112.586,1110.164,1111.944,1115.194,1118.756,1121.91,1123.605,1121.62,1100.232,1069.325,1048.43,1030.412,1030.081,1030.654,1020.324,1014.502,1002.721
533.983,544.961,555.199,573.516,590.457,607.802,626.081,642.743,662.518,683.062,703.559,725.887,750.382,776.319,805.689,835.455,865.616,893.601,921.116,947.713,975.95,999.143,1020.885,1040.092,1055.444,1067.727,1077.97,1081.436,1086.312,1091.46,1101.258,1095.894,1078.544,1082.258,1084.396,1083.903,1087.877,1094.301,1101.933,1110.272,1117.722,1115.534,1138.621,1143.58,1141.789,1140.065,1141.531,1138.889,1126.88,1118.046,1118.749,1122.64,1140.997,1139.197,1137.334,1127.45,1120.951,1114.294,1109.1,1107.108,1109.076,1112.395,1116.029,1118.826,1120.626,1118.204,1096.637,1065.8,1045.375,1027.699,1027.457,1028.172,1018.003,1012.208
487.628,512.782,524.839,536.504,555.394,573.242,591.18,610.284,627.577,648.083,669.153,690.542,713.446,738.378,764.642,794.258,824.217,854.52,882.818,910.514,937.379,965.618,989.018,1010.871,1030.22,1045.65,1058.229,1068.833,1072.679,1077.881,1083.346,1093.437,1080.474,1067.364,1072.413,1073.928,1072.644,1077.227,1084.594,1093.217,1102.511,1110.09,1110.551,1133.722,1138.968,1137.181,1135.579,1137.81,1135.173,1122.014,1112.647,1114.6,1118.607,1137.021,1135.381,1133.74,1124.15,1118.117,1112.313,1107.519,1105.692,1107.733,1111.096,1114.41,1117.275,1118.679,1116.051,1094.491,1064.029,1043.864,1026.258,1026.103,1026.915,1016.696
455.131,474.775,500.218,512.745,525.08,544.376,562.736,581.008,600.498,618.087,638.884,660.635,682.462,705.551,730.633,757.031,786.763,816.82,847.146,875.484,903.185,930.11,958.398,982.007,1004.098,1023.73,1039.364,1052.1,1062.886,1066.997,1072.454,1078.131,1081.796,1070.674,1061.665,1067.663,1068.158,1065.692,1070.551,1078.574,1087.9,1097.867,1104.916,1108.151,1131.297,1136.682,1134.718,1133.069,1135.891,1133.091,1118.637,1109.844,1110.374,1114.421,1132.95,1131.533,1130.226,1121.221,1116.355,1111.027,1106.425,1104.733,1106.812,1109.894,1113.261,1115.784,1117.001,1114.349,1093.081,1062.831,1042.715,1025.186,1025.143,1025.892
432.153,447.029,466.908,492.222,505.267,517.875,537.564,556.018,574.547,594.079,611.85,633.223,655.296,677.185,700.337,725.48,751.962,781.759,811.724,842.013,870.236,897.999,924.919,953.416,977.27,999.695,1019.462,1035.145,1047.972,1058.937,1063.252,1068.848,1071.453,1072.099,1062.854,1057.779,1064.58,1063.943,1060.208,1065.241,1073.796,1084.931,1094.231,1100.828,1106.815,1129.912,1135.38,1133.168,1131.395,1134.744,1131.739,1116.588,1106.28,1106.831,1110.976,1129.676,1128.551,1127.758,1119.821,1115.368,1110.206,1105.724,1104.066,1105.902,1109.025,1112.097,1114.455,1115.641,1113.216,1092.116,1061.903,1041.849,1024.439,1024.331
413.953,426.862,441.919,461.637,487.212,500.388,513.356,533.021,551.63,570.106,589.718,608.025,629.64,651.713,673.617,696.794,721.987,748.523,778.191,808.092,838.214,866.485,894.207,921.327,950.031,974.203,996.722,1016.478,1032.2,1045.156,1056.265,1060.674,1065.354,1065.946,1063.602,1056.104,1054.863,1062.432,1060.621,1055.537,1060.662,1071.751,1082.912,1091.307,1097.413,1106.091,1129.106,1134.607,1132.104,1130.186,1134.051,1130.063,1113.453,1103.158,1103.793,1108.095,1127.05,1126.396,1126.593,1119.031,1114.727,1109.678,1105.226,1103.358,1105.227,1108.097,1111.024,1113.351,1114.721,1112.429,1091.354,1061.192,1041.246,1023.78
397.145,410.398,423.419,438.327,458.271,483.83,497.273,510.207,529.948,548.46,566.972,587.078,605.575,627.167,649.224,671.13,694.339,719.571,745.991,775.582,805.306,835.449,863.663,891.555,918.855,947.832,972.072,994.553,1014.316,1030.128,1043.195,1054.358,1057.964,1062.583,1061.169,1055.742,1049.938,1052.517,1060.835,1057.788,1051.295,1059.156,1070.636,1081.368,1088.814,1094.373,1105.709,1128.61,1134.121,1131.326,1129.263,1132.6,1127.294,1110.691,1100.47,1101.244,1105.783,1125.158,1125.408,1125.94,1118.512,1114.314,1109.291,1104.661,1102.82,1104.471,1107.214,1110.111,1112.589,1114.07,1111.794,1090.755,1060.69,1040.695
380.925,394.626,407.934,420.828,435.917,455.859,481.563,494.95,507.936,527.567,546.085,565.081,585.32,603.799,625.363,647.408,669.335,692.571,717.713,744.059,773.483,803.205,833.281,861.631,889.667,917.198,946.222,970.414,992.887,1012.709,1028.608,1041.712,1050.405,1055.694,1060.249,1056.756,1048.221,1044.119,1050.505,1059.523,1055.197,1049.72,1058.582,1069.834,1080.096,1086.544,1091.533,1105.498,1128.276,1133.804,1130.722,1127.974,1130.122,1124.817,1108.279,1098.185,1099.175,1104.1,1124.293,1124.847,1125.497,1118.171,1113.995,1108.819,1104.212,1102.184,1103.727,1106.441,1109.46,1112.035,1113.531,1111.279,1090.319,1060.217
362.032,378.979,392.7,405.915,418.938,434.041,454.099,479.715,493.114,506.018,525.638,544.636,563.729,583.953,602.406,623.957,646.011,667.957,691.139,716.209,742.412,771.809,801.468,831.643,860.101,888.319,915.89,944.862,969.039,991.551,1011.442,1027.365,1037.199,1046.692,1053.66,1058.096,1052.512,1040.89,1038.487,1048.64,1058.325,1053.619,1048.906,1058.203,1069.19,1078.939,1084.372,1088.774,1105.363,1128.029,1133.582,1129.467,1125.481,1127.624,1122.384,1105.978,1096.105,1097.49,1103.249,1123.752,1124.425,1125.192,1117.887,1113.581,1108.424,1103.657,1101.534,1103.051,1105.865,1108.972,1111.562,1113.078,1110.886,1089.899
339.344,360.402,377.338,391.005,404.304,417.35,432.545,452.543,478.12,491.45,504.351,524.448,543.515,562.605,582.801,601.246,622.8,644.864,666.786,689.903,714.852,741.016,770.354,800.078,830.327,858.922,887.174,914.697,943.651,967.851,990.418,1010.326,1022.784,1032.793,1043.087,1051.695,1056.009,1048.356,1033.649,1032.917,1046.813,1055.523,1052.345,1048.207,1057.907,1068.594,1077.817,1082.225,1086.04,1105.263,1127.824,1132.059,1126.637,1122.644,1124.862,1119.772,1103.623,1094.205,1096.546,1102.67,1123.304,1124.133,1124.917,1117.503,1113.212,1107.916,1103.067,1100.92,1102.519,1105.416,1108.539,1111.149,1112.708,1110.502
321.21,337.629,358.642,375.521,389.217,402.529,415.63,430.757,450.684,476.152,489.444,503.338,523.485,542.557,561.623,581.808,600.253,621.809,643.863,665.729,688.745,713.643,739.753,769.13,798.903,829.252,857.877,886.082,913.587,942.549,966.796,989.372,1003.677,1018.249,1028.439,1039.504,1049.754,1053.965,1044.244,1026.43,1027.35,1043.338,1052.35,1051.144,1047.555,1057.627,1068.004,1076.696,1080.081,1083.317,1105.176,1125.891,1128.781,1123.349,1119.446,1121.84,1117.047,1101.43,1093.128,1095.901,1102.18,1123.009,1123.855,1124.541,1117.14,1112.723,1107.35,1102.477,1100.403,1102.083,1105,1108.141,1110.779,1112.344
306.345,319.905,336.299,357.271,374.175,387.892,401.255,414.323,429.407,449.269,474.699,488.537,502.485,522.638,541.687,560.741,580.916,599.359,620.912,642.911,664.686,687.642,712.485,738.615,768.022,797.869,828.242,856.819,885.002,912.507,941.506,965.758,981.042,997.053,1013.746,1024.095,1035.936,1047.841,1051.949,1040.141,1019.205,1024.037,1039.473,1049.228,1049.973,1046.906,1057.342,1067.405,1075.57,1077.937,1080.593,1102.877,1122.113,1124.989,1119.662,1115.965,1118.702,1114.523,1100.194,1092.399,1095.353,1101.871,1122.711,1123.458,1124.155,1116.627,1112.129,1106.731,1101.931,1099.947,1101.651,1104.585,1107.74,1110.405
295.917,305.425,318.977,335.367,356.366,373.298,387.068,400.431,413.491,428.558,448.419,473.818,487.717,501.678,521.804,540.841,559.88,580.041,598.482,619.976,641.885,663.584,686.476,711.317,737.462,766.921,796.787,827.108,855.657,883.831,911.367,940.362,957.04,972.719,990.445,1009.242,1019.754,1032.382,1045.942,1049.931,1036.021,1015.23,1021.294,1035.638,1046.122,1048.794,1046.24,1057.04,1066.794,1074.433,1075.779,1078.196,1098.839,1118.054,1121.042,1115.937,1112.608,1115.995,1113.185,1099.401,1091.798,1095.001,1101.535,1122.249,1123.01,1123.548,1115.923,1111.397,1106.089,1101.4,1099.443,1101.17,1104.112,1107.316
293.772,295.279,304.797,318.372,334.812,355.839,372.821,386.623,400.008,413.089,428.189,447.502,472.967,486.874,500.812,520.921,539.936,558.95,579.098,597.468,618.862,640.664,662.279,685.15,709.986,736.166,765.634,795.442,825.723,854.256,882.451,909.977,931.205,948.308,964.392,983.822,1004.728,1015.413,1028.825,1044.025,1047.88,1029.884,1012.061,1018.562,1031.803,1042.991,1047.583,1045.545,1056.714,1066.16,1073.27,1072.939,1073.836,1094.455,1113.787,1117.012,1112.303,1109.676,1114.532,1112.305,1098.727,1091.378,1094.598,1100.956,1121.686,1122.223,1122.624,1114.964,1110.573,1105.411,1100.755,1098.837,1100.574,1103.586
290.199,293.247,294.793,304.354,317.992,334.475,355.542,372.569,386.416,399.847,412.984,427.149,446.576,472.022,485.898,499.821,519.901,538.874,557.858,577.907,596.157,617.4,639.085,660.654,683.502,708.353,734.533,763.931,793.685,823.938,852.483,880.659,900.316,922.021,939.561,956.041,977.178,1000.202,1011.057,1025.24,1042.066,1039.549,1023.226,1008.888,1015.817,1027.934,1039.82,1046.336,1044.819,1056.356,1065.49,1069.435,1068.049,1068.926,1089.675,1109.268,1112.934,1109.011,1108.03,1113.534,1111.531,1098.205,1090.879,1093.836,1100.225,1120.619,1120.958,1121.308,1113.862,1109.669,1104.545,1099.95,1098.063,1099.889
287.704,289.674,292.759,294.375,304.012,317.699,334.225,355.341,372.423,386.333,399.83,411.743,426.087,445.49,470.877,484.729,498.626,518.639,537.557,556.406,576.297,594.342,615.424,637.036,658.56,681.404,706.238,732.333,761.659,791.376,821.629,850.145,870.363,890.619,912.815,930.784,947.663,970.514,995.654,1006.666,1021.606,1032.783,1029.622,1016.553,1005.694,1013.033,1024.019,1036.605,1045.049,1044.054,1055.958,1060.35,1063.901,1062.494,1063.526,1084.571,1104.654,1109.206,1107.147,1106.897,1112.647,1110.879,1097.582,1089.875,1092.88,1098.793,1118.898,1119.169,1119.839,1112.658,1108.506,1103.476,1098.949,1097.168
286.974,287.119,289.133,292.283,294.002,303.699,317.432,334.021,355.193,372.344,386.327,398.33,410.497,424.81,444.149,469.484,483.302,497.117,517.043,535.78,554.426,574.043,591.879,612.859,634.403,655.906,678.714,703.442,729.445,758.724,788.431,818.641,839.985,860.027,880.897,903.576,921.975,939.261,963.826,991.068,1002.222,1012.727,1021.64,1019.673,1009.855,1002.458,1010.201,1020.057,1033.347,1043.722,1043.251,1049.511,1053.99,1057.517,1056.287,1057.668,1079.276,1100.375,1107.073,1105.852,1105.887,1111.853,1110.114,1096.293,1088.658,1091.013,1096.541,1116.55,1117.272,1118.282,1111.146,1107.124,1102.215,1097.807
282.766,286.282,286.482,288.561,291.81,293.615,303.363,317.164,333.826,355.058,372.278,384.537,396.873,409,423.243,442.524,467.799,481.513,495.217,514.908,533.392,551.696,571.048,588.759,609.65,631.153,652.599,675.277,699.888,725.839,755.1,784.75,809.517,829.783,849.667,871.142,894.303,913.14,930.833,957.099,986.429,993.417,1002.506,1010.471,1009.697,1003.115,999.179,1007.325,1016.052,1030.052,1042.362,1035.618,1042.213,1046.666,1050.391,1049.565,1051.602,1074.381,1097.951,1105.605,1104.711,1104.958,1110.954,1108.523,1094.798,1086.33,1088.196,1093.609,1114.201,1115.344,1116.399,1109.431,1105.588,1100.81
277.769,281.936,285.493,285.76,287.938,291.269,293.145,302.962,316.838,333.561,354.845,370.193,382.863,395.149,407.197,421.378,440.602,465.73,479.303,492.729,512.114,530.19,548.18,567.381,584.992,605.822,627.247,648.535,671.074,695.625,721.555,750.745,776.736,800.352,819.559,839.274,861.349,885.002,904.282,922.372,950.322,977.053,983.496,992.261,999.278,999.684,996.336,995.858,1004.409,1012.017,1026.733,1033.573,1027.413,1033.978,1038.651,1042.829,1042.743,1046.117,1071.69,1096.33,1104.347,1103.659,1103.944,1109.086,1106.762,1092.022,1082.964,1084.693,1090.832,1111.918,1113.11,1114.358,1107.63,1103.934
271.344,276.759,280.962,284.565,284.928,287.191,290.581,292.533,302.418,316.338,333.11,352.495,368.317,380.932,393.127,405.102,419.231,438.301,463.237,476.484,489.568,508.485,526.204,544.028,563.113,580.651,601.386,622.621,643.748,666.22,690.749,716.6,743.516,768.684,791.168,809.302,828.844,851.534,875.686,895.398,913.868,941.572,966.47,973.553,981.998,988.056,989.641,989.524,992.507,1001.474,1007.97,1017.127,1024.666,1018.482,1025.281,1030.447,1035.427,1036.799,1043.229,1069.965,1094.991,1103.198,1102.554,1101.845,1107.101,1103.586,1088.162,1078.952,1081.528,1088.245,1109.379,1110.783,1112.316,1105.761
267.194,270.103,275.542,279.777,283.445,283.896,286.214,289.644,291.657,301.563,315.513,330.548,350.453,366.212,378.724,390.831,402.753,416.728,435.596,460.141,473.005,485.588,504.113,521.655,539.357,558.352,575.784,596.3,617.354,638.409,660.864,685.304,710.055,736.252,760.615,781.954,799.013,818.396,841.711,866.354,886.481,905.629,932.309,955.873,963.599,971.714,976.812,979.573,982.692,989.146,998.54,997.803,1007.755,1015.26,1009.326,1016.646,1022.656,1029.175,1033.774,1041.444,1068.588,1093.779,1102.032,1100.277,1099.692,1103.61,1099.324,1083.73,1075.467,1078.69,1085.478,1106.815,1108.54,1110.275
261.847,265.655,268.592,274.046,278.323,282.057,282.56,284.882,288.323,290.343,300.261,312.783,328.392,348.222,363.858,376.269,388.318,400.086,413.853,432.313,456.417,468.749,480.929,499.269,516.687,534.288,553.162,570.356,590.679,611.657,632.7,655.058,679.02,703.479,728.975,752.522,772.714,788.713,807.95,831.884,856.998,878.445,897.441,923.039,945.27,953.632,961.417,965.557,969.498,975.86,985.794,987.741,987.947,997.862,1005.622,1000.242,1008.453,1016.089,1026.009,1031.921,1040.038,1067.351,1092.583,1099.632,1098.002,1095.976,1099.056,1094.576,1079.999,1072.445,1075.753,1082.749,1104.411,1106.378
252.565,259.992,263.815,266.769,272.24,276.571,280.333,280.807,283.1,286.5,288.531,297.415,310.543,326.092,345.775,361.29,373.635,385.526,397.088,410.442,428.451,451.974,463.891,475.897,494.111,511.418,528.893,547.508,564.509,584.755,605.726,626.666,649.467,672.711,696.898,721.682,744.411,763.471,778.425,797.51,822.043,849.639,870.616,889.251,913.769,934.661,943.66,951.121,954.304,959.429,969.039,974.511,977.373,977.545,987.726,996.062,991.631,1001.558,1012.782,1024.088,1030.474,1038.795,1066.151,1090.113,1097.283,1094.143,1091.24,1094.109,1090.678,1076.848,1069.397,1072.904,1080.237,1102.169
242.193,250.425,257.838,261.665,264.636,270.144,274.49,278.175,278.593,280.813,284.189,285.617,295.129,308.202,323.607,343.146,358.58,370.766,382.452,393.602,406.508,423.936,447.008,458.752,470.649,488.743,505.92,523.131,541.554,558.486,578.727,599.592,621.977,643.856,666.403,690.307,714.382,736.308,754.252,768.151,787.063,815.642,842.765,862.789,881.066,904.499,924.054,933.698,940.833,943.059,949.371,957.847,963.928,966.754,967.205,977.971,987.271,984.601,998.192,1010.833,1022.622,1029.223,1037.603,1063.663,1087.734,1093.353,1089.317,1086.199,1090.126,1087.45,1073.738,1066.472,1070.305,1077.962
232.737,239.821,248.023,255.416,259.25,262.261,267.771,272.014,275.607,275.936,278.116,281.235,283.315,292.778,305.707,320.975,340.412,355.676,367.663,378.944,389.65,401.987,418.977,441.846,453.487,465.275,483.235,500.15,517.18,535.537,552.469,572.603,595.517,617.274,638.253,660.094,683.719,707.097,728.234,745.05,757.876,781.709,810.091,835.898,854.972,872.885,895.236,913.46,923.746,930.551,931.82,938.848,947.47,953.516,956.613,957.64,969.351,980.369,981.292,996.266,1009.381,1021.367,1028.03,1035.128,1061.293,1083.803,1088.518,1084.265,1082.202,1086.877,1084.313,1070.766,1063.814,1068.013
225.575,230.172,237.226,245.397,252.773,256.634,259.652,265.045,269.181,272.658,272.941,275.179,278.924,280.975,290.301,303.1,318.274,337.524,352.59,364.185,375.029,385.176,397.093,413.897,436.637,448.168,459.839,477.544,494.291,511.263,529.617,546.447,569.279,591.434,612.584,632.658,653.798,677.155,699.847,720.181,735.848,753.597,777.617,804.548,829.043,847.162,864.713,885.985,902.876,913.798,920.271,922.323,928.958,937.546,943.849,947.491,949.423,962.763,977.184,979.425,994.847,1008.128,1020.173,1025.579,1032.793,1057.422,1079.031,1083.524,1080.305,1078.973,1083.752,1081.318,1068.062,1061.519
216.878,222.849,227.426,234.45,242.595,249.971,253.828,256.74,262.014,266.027,269.431,270.063,272.901,276.6,278.539,287.75,300.459,315.459,334.504,349.189,360.36,370.654,380.396,392.144,408.839,431.44,442.86,454.304,471.853,488.548,505.514,523.766,544.007,565.952,587.371,607.912,627.083,647.531,670.626,692.617,712.127,732.059,750.81,773.538,799.021,822.195,839.359,856.551,876.74,892.291,903.846,911.769,913.013,919.619,928.449,935.257,939.747,943.211,959.733,975.375,978.042,993.598,1006.937,1017.762,1023.284,1029.02,1052.774,1074.156,1079.642,1077.121,1075.892,1080.767,1078.583,1065.771
205.119,214.07,220.006,224.561,231.558,239.69,247.037,250.788,253.593,258.74,262.667,266.638,267.845,270.631,274.209,276.065,285.195,297.74,312.556,331.225,345.492,356.128,366.031,375.617,387.276,403.852,426.317,437.526,448.837,466.335,483.02,499.888,521.602,541.567,562.647,583.329,603.263,621.539,641.298,664.116,685.386,708.821,729.617,748.037,769.473,793.499,815.353,831.563,848.389,867.49,881.697,896.328,903.091,904.312,911.145,920.439,928.033,933.938,940.35,957.994,974.022,976.802,992.413,1004.583,1015.517,1019.626,1024.535,1048.068,1070.39,1076.524,1074.098,1072.943,1078.031,1076.302
192.414,202.333,211.223,217.119,221.65,228.638,236.73,243.96,247.602,250.292,255.34,259.996,264.492,265.649,268.321,271.811,273.613,282.596,294.969,309.439,327.694,341.437,351.701,361.457,370.967,382.528,398.987,421.228,432.309,443.583,461.062,477.652,498.138,519.44,539.151,559.366,579.31,598.644,616.027,635.08,657.603,682.757,706.698,727.191,745.276,765.41,787.98,808.514,823.762,840.219,858.226,875.321,888.524,895.263,896.693,903.939,913.934,922.78,931.303,938.714,956.697,972.784,975.628,990.128,1002.399,1011.989,1015.315,1020.029,1044.452,1067.361,1073.576,1071.196,1070.235,1075.78
181.075,189.748,199.595,208.418,214.27,218.807,225.757,233.739,240.842,244.371,246.97,252.803,257.947,262.38,263.431,266.021,269.452,271.14,279.967,292.016,306.102,323.845,337.227,347.356,357.043,366.472,377.935,394.192,416.282,427.324,438.587,455.97,476.176,496.389,517.301,536.756,556.106,575.32,594.052,610.525,628.857,655.636,681.274,704.588,724.77,742.511,761.344,782.459,801.667,815.949,832.031,852.902,868.452,881.628,888.549,890.342,898.198,909.273,920.386,929.768,937.478,955.474,971.613,973.419,988.011,999.016,1007.864,1011.011,1016.577,1041.539,1064.507,1070.731,1068.524,1068.028
173.205,178.584,187.192,196.962,205.712,211.566,216.078,222.932,230.786,237.767,241.202,244.564,250.848,255.932,260.25,261.229,263.764,267.083,268.646,277.169,288.859,302.476,319.871,333.12,343.188,352.803,362.146,373.429,389.546,411.567,422.596,433.776,454.689,474.699,494.659,515.177,534.377,552.87,571.35,589.464,605.014,627.414,654.8,679.799,702.475,722.338,739.739,757.276,776.928,794.802,808.116,827.699,846.936,862.456,875.786,883.015,885.333,894.107,907.11,918.947,928.583,936.273,954.316,969.473,971.371,984.776,995.086,1003.765,1007.71,1013.786,1038.798,1061.734,1068.101,1066.363
166.791,170.894,176.231,184.77,194.455,203.195,209.018,213.456,220.194,227.93,234.809,238.9,242.693,248.92,253.892,258.128,259.062,261.498,264.688,265.982,274.174,285.433,298.739,316.001,329.187,339.192,348.728,357.905,369.06,385.118,407.1,418.05,432.807,453.4,473.233,492.937,513.062,532.014,549.645,567.376,584.864,603.808,627.154,653.961,678.311,700.343,719.894,736.963,753.196,771.374,787.915,804.761,822.613,841.82,857.469,871.052,878.715,881.794,892.169,905.765,917.811,927.384,935.128,952.253,967.48,968.283,981.04,991.194,1000.613,1005.027,1011.164,1036.116,1059.153,1065.985
160.751,164.63,168.704,173.995,182.454,192.128,200.824,206.572,210.911,217.545,225.186,232.584,237.074,240.832,246.948,251.84,256.023,256.873,259.189,262.11,263.115,270.917,281.899,295.098,312.288,325.411,335.345,344.723,353.781,364.886,380.918,402.802,416.809,431.819,452.112,471.763,491.211,510.952,529.652,546.408,563.386,583.405,603.658,626.88,653.099,676.795,698.193,717.445,734.172,749.088,765.794,785.372,800.4,818.226,837.536,853.398,867.335,875.623,880.033,890.898,904.662,916.614,926.237,933.137,950.32,964.522,964.735,977.347,988.185,998.03,1002.501,1008.566,1033.59,1057.085
156.7,158.688,162.543,166.586,171.821,180.277,189.903,198.506,204.154,208.41,214.965,223.022,230.776,235.238,238.902,244.94,249.781,253.875,254.618,256.676,259.32,259.99,267.551,278.444,291.589,308.707,321.758,331.545,340.81,349.827,360.922,376.872,401.197,415.539,430.823,450.809,470.278,489.481,508.835,527.271,543.148,561.674,582.702,603.484,626.573,652.203,675.258,696.035,714.977,731.35,744.952,763.839,781.529,796.537,814.452,833.943,850.102,864.563,873.977,878.805,889.81,903.462,915.459,924.298,931.258,947.493,961.139,961.228,974.468,985.698,995.588,999.952,1006.074,1031.577
154.654,154.661,156.643,160.479,164.48,169.732,178.147,187.668,196.156,201.72,205.925,212.836,221.218,228.936,233.306,236.915,242.901,247.659,251.64,252.14,253.941,256.267,256.751,264.242,275.094,288.182,305.222,318.129,327.815,337.045,346.064,357.095,376.118,399.552,414.252,429.801,449.479,468.777,487.734,506.692,524.86,541.22,560.492,581.964,603.269,626.227,651.281,673.707,693.857,712.476,728.497,743.337,760.267,777.937,793.028,811.112,830.865,847.494,862.965,872.748,877.703,888.6,902.29,913.562,922.454,928.552,944.271,957.79,958.467,972.066,983.332,993.066,997.438,1004.107
153.463,152.563,152.588,154.575,158.379,162.405,167.637,175.941,185.34,193.728,199.248,203.808,211.023,219.369,226.983,231.306,234.882,240.787,245.438,249.173,249.44,250.946,253.101,253.552,261.02,271.823,284.854,301.747,314.561,324.221,333.459,342.429,356.713,375.319,397.884,412.928,428.742,448.125,467.256,485.96,504.513,522.551,539.578,559.268,581.183,603.014,625.853,650.341,672.132,691.642,709.941,726.963,739.8,756.716,774.466,789.727,808.064,828.273,845.882,861.705,871.602,876.47,887.403,900.426,911.746,919.844,925.474,941.071,955.114,956.137,969.763,980.824,990.5,995.48
151.443,151.28,150.412,150.47,152.451,156.279,160.292,165.425,173.613,182.904,191.238,197.128,201.979,209.166,217.406,224.969,229.264,232.777,238.582,242.996,246.497,246.494,247.852,249.968,250.431,257.864,268.627,281.536,298.339,311.125,320.8,329.997,341.877,356.282,374.493,396.175,411.564,427.656,446.751,465.709,484.147,501.971,520.215,537.893,558.004,580.362,602.728,625.455,649.372,670.524,689.395,708.375,723.385,736.216,753.214,771.132,786.647,805.444,826.627,844.581,860.508,870.332,875.238,885.563,898.63,909.219,916.882,922.405,938.475,952.825,953.884,967.252,978.19,988.537
148.599,149.169,149.035,148.219,148.294,150.309,154.125,158.042,163.082,171.166,180.396,189.142,195.287,200.125,207.214,215.408,222.934,227.17,230.613,236.19,240.382,243.61,243.476,244.797,246.919,247.383,254.798,265.46,278.308,295.075,307.871,317.508,329.16,341.282,355.83,373.632,394.428,410.175,426.558,445.358,464.124,481.671,499.287,517.841,536.172,556.702,579.508,602.41,625.026,648.373,668.884,687.752,704.702,719.706,732.626,749.796,767.97,783.959,803.748,825.277,843.331,859.2,869.054,873.41,883.779,896.172,906.353,913.909,919.872,936.225,950.594,951.357,964.543,976.216
145.891,146.261,146.851,146.765,145.975,146.097,148.111,151.831,155.663,160.618,168.64,178.383,187.336,193.453,198.211,205.266,213.431,220.888,225.066,228.312,233.677,237.604,240.686,240.517,241.847,243.967,244.457,251.793,262.411,275.242,292.004,304.752,316.699,328.289,340.674,355.35,372.74,392.664,408.783,425.448,443.93,461.623,478.983,496.572,515.437,534.418,555.368,578.618,602.063,624.571,647.346,667.079,683.874,700.814,715.911,729.017,746.462,765.134,782.175,802.331,823.964,841.99,857.879,867.224,871.627,881.378,893.387,903.459,911.41,917.647,934.022,948.015,948.577,962.55
142.625,143.516,143.903,144.527,144.452,143.711,143.846,145.783,149.418,153.165,158.065,166.755,176.67,185.569,191.599,196.341,203.385,211.486,218.879,222.875,225.939,231.045,234.823,237.846,237.69,239.026,241.171,241.62,248.932,259.54,272.376,289.073,304.03,315.869,327.416,340.05,354.852,371.845,390.909,407.388,424.31,441.375,458.855,476.274,493.831,513.002,532.63,553.995,577.698,601.692,624.091,645.286,662.951,679.733,696.772,712.06,725.47,743.446,763.24,780.677,800.952,822.591,840.632,856.046,865.425,869.264,878.657,890.553,900.976,909.181,915.461,931.399,945.141,946.561
137.905,140.247,141.143,141.554,142.168,142.129,141.402,141.482,143.343,146.885,150.566,156.323,165.169,175.017,183.813,189.816,194.571,201.564,209.609,216.82,220.645,223.48,228.43,232.141,235.157,235.019,236.387,238.485,238.939,246.25,256.866,269.647,288.788,303.295,315.044,326.535,339.418,354.361,370.965,389.155,405.971,422.105,438.506,456.069,473.54,491.06,510.533,530.804,552.592,576.755,601.297,621.737,640.925,658.569,675.457,692.689,708.304,722.279,741.444,761.655,779.229,799.55,821.2,838.799,854.229,863.076,866.585,875.867,888.073,898.728,906.985,912.783,928.463,943.068
132.777,135.563,137.887,138.787,139.177,139.816,139.78,139.009,139.025,140.796,144.256,148.947,154.862,163.647,173.39,182.136,188.147,192.867,199.82,207.696,214.731,218.339,221.039,225.917,229.614,232.635,232.534,233.857,235.948,236.425,243.751,254.317,270.549,288.495,302.568,314.217,325.655,338.799,353.887,370.086,387.38,403.827,419.602,435.618,453.255,470.772,488.254,508.024,528.944,551.161,575.785,598.65,617.184,636.34,654.092,671.176,688.75,704.946,720.172,739.773,760.13,777.79,798.126,819.36,836.96,851.884,860.412,863.819,873.379,885.795,896.507,904.208,909.777,926.338
127.652,130.47,133.225,135.528,136.393,136.804,137.438,137.354,136.521,136.453,138.142,142.737,147.579,153.453,162.147,171.827,180.561,186.53,191.231,198.03,205.74,212.557,216.038,218.687,223.546,227.243,230.281,230.139,231.452,233.553,234.069,241.356,255.761,271.44,288.207,301.839,313.391,324.787,338.191,353.405,369.18,385.388,401.466,417.075,432.693,450.4,467.966,485.406,505.478,527.05,549.697,572.941,594.033,612.527,631.787,649.727,667.158,685.309,702.758,718.424,738.177,758.638,776.321,796.273,817.49,834.612,849.225,857.644,861.304,871.06,883.533,893.606,901.074,907.586
122.067,125.358,128.14,130.86,133.11,133.988,134.395,134.97,134.818,133.902,133.757,136.697,141.432,146.244,152.053,160.686,170.339,179.009,184.956,189.524,196.173,203.679,210.368,213.808,216.453,221.302,225.005,227.982,227.834,229.156,231.287,231.794,243.114,257.186,272.325,287.907,301.105,312.568,323.916,337.562,352.888,367.754,383.296,399.069,414.497,429.718,447.5,465.113,482.514,502.885,525.112,546.773,568.388,589.43,608.019,627.45,645.724,663.709,683.069,700.936,716.756,736.623,757.106,774.438,794.363,815.126,831.955,846.45,855.078,858.927,868.739,880.476,890.3,898.774
116.642,119.773,123.021,125.759,128.423,130.67,131.544,131.885,132.388,132.146,131.16,132.347,135.428,140.14,144.901,150.664,159.264,168.84,177.472,183.283,187.721,194.19,201.586,208.232,211.667,214.308,219.148,222.784,225.737,225.602,226.957,229.076,233.691,244.842,258.594,273.19,287.592,300.36,311.728,323.01,336.886,351.604,366.142,381.155,396.608,411.859,426.69,444.548,462.207,479.56,500.237,522.176,542.377,563.937,585.053,603.797,623.532,642.322,661.443,681.184,699.183,715.123,735.016,755.169,772.47,791.975,812.461,829.172,843.829,852.617,856.517,865.497,876.949,887.869
111.839,114.336,117.423,120.617,123.304,125.959,128.194,128.99,129.265,129.674,129.363,129.745,131.077,134.154,138.822,143.542,149.279,157.798,167.329,175.811,181.489,185.776,192.164,199.529,206.155,209.576,212.211,216.976,220.584,223.533,223.439,224.794,230.083,235.546,246.541,259.969,274.027,287.253,299.584,310.839,322.042,335.57,350.062,364.467,378.939,394.078,409.16,423.603,441.532,459.227,476.538,497.376,518.043,538.192,559.804,581.044,600.052,620.247,640.053,659.506,679.347,697.444,713.421,733.012,753.122,770.039,789.297,809.662,826.497,841.28,850.082,853.045,861.704,874.37
108.129,109.508,111.968,115,118.143,120.822,123.467,125.608,126.336,126.526,126.87,127.915,128.441,129.791,132.84,137.465,142.159,147.828,156.308,165.684,174.016,179.547,183.786,190.163,197.504,204.091,207.496,210.072,214.803,218.405,221.379,221.3,225.06,231.035,237.362,248.197,261.306,274.827,286.871,298.747,309.876,320.706,334.023,348.449,362.712,376.645,391.476,406.391,420.441,438.43,456.165,473.8,493.559,514.173,534.354,556.061,577.51,596.917,617.985,638.062,657.582,677.49,695.623,711.332,730.877,750.626,767.329,786.473,806.925,823.86,838.615,846.332,848.941,858.968
104.286,105.757,107.113,109.525,112.512,115.645,118.325,120.87,122.931,123.579,123.719,125.382,126.557,127.114,128.452,131.472,136.067,140.701,146.352,154.687,163.907,172.081,177.565,181.815,188.173,195.464,202.013,205.364,207.923,212.645,216.264,219.243,221.09,225.264,231.942,239.129,249.806,262.597,275.579,286.422,297.83,308.541,319.205,332.4,346.752,360.872,374.271,388.797,403.539,417.186,435.236,453.549,470.297,490.008,510.627,530.883,552.747,574.525,594.661,615.936,636.043,655.602,675.54,693.422,709.094,728.311,747.86,764.46,783.669,804.192,821.071,834.59,841.886,846.036
100.396,101.882,103.331,104.654,107.028,110.016,113.154,115.742,118.2,120.177,120.781,122.198,123.972,125.172,125.723,127.051,130.059,134.605,139.231,144.767,152.952,162.01,170.114,175.598,179.839,186.152,193.404,199.893,203.229,205.796,210.522,214.144,218.549,220.814,225.419,232.794,240.843,251.366,263.839,276.266,285.895,296.475,307.043,317.626,330.692,344.964,358.943,371.813,386.028,400.587,413.827,432.75,450.381,467.09,486.786,507.455,527.822,549.941,572.275,592.554,613.82,633.933,653.52,673.221,691.062,706.441,725.475,744.918,761.569,780.838,801.286,816.802,829.846,838.795
95.808,97.981,99.446,100.864,102.162,104.555,107.557,110.614,113.109,115.49,117.412,119.234,120.747,122.537,123.72,124.274,125.619,128.607,133.151,137.678,143.091,151.122,160.086,168.157,173.614,177.829,184.119,191.324,197.783,201.125,203.703,208.422,213.112,217.786,220.488,225.519,233.591,242.508,252.876,265.02,276.882,284.67,294.944,305.468,315.961,328.888,343.083,356.927,369.26,383.154,397.527,411.498,429.93,447.516,464.202,483.925,504.655,525.203,547.703,570.103,590.348,611.582,631.713,651.079,670.734,688.297,703.516,722.443,741.914,758.62,777.831,796.797,811.834,826.587
89.072,93.43,95.57,97.008,98.393,99.734,102.156,105.097,108.049,110.474,112.797,115.857,117.753,119.275,121.034,122.219,122.819,124.179,127.184,131.639,136.054,141.338,149.264,158.167,166.18,171.609,175.83,182.096,189.269,195.714,199.053,201.631,207.095,212.014,216.976,220.11,225.563,234.336,244.125,254.334,266.139,275.815,283.21,293.333,303.802,314.197,326.991,341.11,354.813,366.599,380.167,395.289,408.94,427.318,444.864,461.571,481.324,502.166,522.953,545.461,567.797,587.989,609.227,629.144,648.465,667.852,685.249,700.37,719.318,738.822,755.513,773.155,791.658,808.428
84.003,86.817,91.104,93.208,94.61,96.043,97.426,99.807,102.639,105.521,107.886,111.261,114.369,116.258,117.744,119.503,120.746,121.384,122.781,125.718,130.066,134.363,139.55,147.408,156.237,164.204,169.639,173.862,180.102,187.254,193.662,196.99,200.184,205.704,210.868,216.113,219.675,225.554,235.035,245.693,255.737,265.306,274.262,281.663,291.627,302.035,312.338,324.999,339.037,352.587,363.822,378.021,392.904,406.513,424.84,442.388,459.111,478.92,499.879,520.634,543.063,565.316,585.503,606.528,626.395,645.46,664.668,681.954,697.107,716.079,735.601,750.645,767.876,788.106
80.36,81.889,84.656,88.875,90.936,92.38,93.845,95.204,97.481,100.245,103.062,106.382,109.793,112.872,114.718,116.209,118.031,119.311,119.995,121.34,124.191,128.424,132.629,137.764,145.555,154.334,162.284,167.708,171.914,178.133,185.232,191.604,195.282,198.674,204.267,209.671,215.19,219.183,225.496,235.684,247.209,255.078,263.913,272.615,280.013,289.816,300.172,310.383,322.903,336.848,350.242,361.755,375.727,390.553,404.131,422.44,439.985,456.731,476.579,497.471,518.144,540.474,562.697,582.675,603.639,623.256,642.135,661.219,678.523,693.707,712.743,730.508,745.193,764.176
75.433,78.387,79.89,82.615,86.767,88.848,90.311,91.735,93.002,95.216,97.918,101.591,104.95,108.324,111.351,113.192,114.75,116.595,117.912,118.548,119.828,122.585,126.736,130.9,136.001,143.749,152.491,160.389,165.776,169.966,176.132,183.187,189.694,193.508,197.114,202.771,208.405,214.202,218.634,225.382,236.277,246.536,253.819,262.414,270.856,278.257,287.909,298.209,308.32,320.687,334.537,348.185,359.473,373.385,388.173,401.743,420.034,437.564,454.317,474.078,494.881,515.451,537.731,559.735,579.646,600.361,619.779,638.53,657.618,674.931,690.232,707.408,724.801,741.309
70.305,73.629,76.533,78.016,80.713,84.836,86.908,88.303,89.638,90.848,93.013,96.479,100.193,103.516,106.846,109.845,111.742,113.304,115.176,116.428,117.014,118.227,120.94,125.059,129.212,134.288,141.989,150.641,158.463,163.809,167.961,174.092,181.39,187.715,191.678,195.486,201.196,207.063,213.148,218.022,225.202,235.654,245.217,252.446,260.798,268.988,276.402,285.896,296.134,306.134,318.347,332.518,345.898,357.135,371.011,385.766,399.329,417.57,435.065,451.727,471.396,492.076,512.588,534.647,556.555,576.228,596.732,616.015,634.762,653.834,671.271,684.605,701.383,720.686
65.827,68.662,71.93,74.792,76.284,78.954,83.021,84.988,86.299,87.569,88.751,91.589,95.107,98.786,102.076,105.367,108.393,110.264,111.85,113.636,114.838,115.378,116.595,119.307,123.43,127.559,132.592,140.181,148.732,156.472,161.767,165.906,172.54,179.518,185.669,189.765,193.763,199.531,205.644,212.016,217.327,224.541,234.618,243.777,250.953,259.071,267.014,274.432,283.764,293.929,303.819,316.402,330.243,343.555,354.766,368.592,383.313,396.825,414.995,432.371,448.947,468.479,489.085,509.385,531.326,552.991,572.454,592.813,612.073,630.785,649.97,665.274,678.175,697.017
62.906,64.294,67.081,70.298,73.162,74.628,77.25,81.155,83.036,84.278,85.527,87.314,90.215,93.706,97.354,100.601,103.901,106.865,108.752,110.24,111.975,113.135,113.721,114.969,117.71,121.802,125.881,130.808,138.292,146.739,154.401,159.675,164.383,170.905,177.566,183.521,187.741,191.942,197.783,204.138,210.787,216.261,223.647,233.46,242.215,249.341,257.226,264.914,272.338,281.499,291.589,301.916,314.149,327.912,341.172,352.325,366.101,380.735,394.178,412.203,429.473,445.911,465.364,485.758,505.93,527.629,549.068,568.389,588.695,607.896,626.706,643.577,658.336,673.532
61.014,61.393,62.757,65.495,68.716,71.518,72.949,75.409,79.203,81.004,82.23,84.034,85.896,88.778,92.241,95.842,99.092,102.315,105.28,107.054,108.496,110.19,111.412,112.051,113.351,116.072,120.11,124.087,128.933,136.317,144.675,152.287,157.721,162.765,169.175,175.496,181.247,185.608,190.03,195.936,202.519,209.345,214.988,222.632,232.176,240.521,247.596,255.242,262.681,270.107,279.092,289.68,299.695,311.854,325.545,338.703,349.797,363.466,377.984,391.29,409.183,426.294,442.667,461.919,482.165,502.109,523.577,544.853,564.097,584.316,603.589,619.913,636.118,653.382
59.243,59.436,59.811,61.144,63.893,67.037,69.781,71.063,73.445,77.126,78.904,80.65,82.51,84.367,87.222,90.647,94.252,97.432,100.658,103.489,105.211,106.617,108.375,109.644,110.342,111.643,114.337,118.288,122.205,126.988,134.293,142.581,150.216,155.658,161.034,167.31,173.289,178.86,183.381,188.016,193.97,201.041,207.738,213.593,221.482,230.743,238.675,245.701,253.12,260.307,267.728,277.188,287.476,297.425,309.504,323.056,336.114,347.096,360.609,374.958,388.148,405.864,422.9,439.105,458.204,478.218,497.937,519.227,540.38,559.524,579.783,596.391,611.965,630.87
57.368,57.537,57.733,58.092,59.458,62.136,65.223,67.8,69.039,71.347,74.963,77.211,78.979,80.822,82.653,85.495,88.947,92.504,95.699,98.792,101.548,103.222,104.682,106.467,107.775,108.496,109.822,112.483,116.396,120.277,125.012,132.242,140.929,148.02,153.462,159.157,165.307,170.972,176.379,181.053,185.88,192.324,199.492,206.001,212.044,220.163,229.142,236.671,243.665,250.855,257.781,265.808,274.959,285.166,295.032,306.959,320.384,333.296,344.104,357.437,371.642,384.694,402.328,419.204,435.272,454.141,473.922,493.455,514.59,535.609,554.786,572.206,588.001,606.451
55.008,55.48,55.659,55.837,56.244,57.58,60.225,63.157,65.673,66.882,69.149,73.154,75.364,77.101,78.893,80.752,83.662,87.112,90.692,93.766,96.768,99.445,101.136,102.608,104.4,105.743,106.544,107.914,110.584,114.483,118.326,123.002,130.889,139.14,145.678,151.117,157.15,163.204,168.566,173.8,178.602,184.017,190.652,197.797,204.085,210.303,218.668,227.384,234.526,241.486,248.438,255.823,263.533,272.599,282.697,292.409,304.206,317.465,330.135,340.771,353.95,368.015,381.027,398.507,415.239,431.096,449.728,469.299,488.664,509.649,530.677,546.884,563.453,582.239
52.77,52.917,53.393,53.55,53.769,54.191,55.552,58.084,60.947,63.417,64.606,67.281,71.15,73.298,74.959,76.801,78.781,81.745,85.231,88.692,91.664,94.569,97.205,98.878,100.335,102.176,103.64,104.558,105.986,108.681,112.538,116.321,121.748,129.394,137.202,143.191,148.652,155.05,161.014,166.063,171.097,176.428,182.109,188.814,195.899,201.961,208.388,217.025,225.488,232.237,239.156,246.382,253.475,261.103,270.051,279.975,289.567,301.196,314.154,326.615,337.107,350.164,364.176,377.092,394.424,410.925,426.563,444.971,464.352,483.575,504.563,522.481,537.856,557.469
50.966,50.491,50.655,51.1,51.282,51.543,52.039,53.354,55.824,58.636,61.042,62.689,65.227,68.969,71.012,72.73,74.709,76.788,79.801,83.174,86.516,89.382,92.214,94.792,96.43,97.963,99.949,101.561,102.567,104.052,106.723,110.514,114.82,120.355,127.757,135.137,140.603,146.104,152.864,158.722,163.433,168.728,174.198,180.015,186.756,193.793,199.676,206.339,215.249,223.45,229.797,236.951,243.961,250.968,258.478,267.253,277.041,286.469,297.76,310.482,322.758,333.159,346.169,360.081,372.898,389.981,406.247,421.675,439.893,459.129,478.36,496.156,513.226,531.681
49.175,48.553,48.121,48.273,48.722,48.963,49.313,49.805,51.083,53.507,56.235,59.098,60.634,63.079,66.668,68.738,70.583,72.644,74.784,77.684,80.934,84.163,86.958,89.73,92.252,93.97,95.658,97.783,99.472,100.547,102.033,104.661,108.852,113.189,118.838,126.016,132.989,137.936,143.461,150.564,156.296,161.03,166.305,171.767,177.697,184.507,191.549,197.27,204.157,213.33,221.261,227.438,234.468,241.385,248.274,255.622,264.261,273.856,282.921,293.969,306.479,318.632,329.006,341.923,355.725,368.334,385.168,401.207,416.48,434.565,453.788,469.795,486.752,506.865
45.489,46.718,46.144,45.739,45.906,46.402,46.726,47.066,47.534,48.79,51.136,54.358,57.091,58.574,60.932,64.458,66.6,68.472,70.57,72.596,75.384,78.536,81.717,84.476,87.21,89.784,91.623,93.409,95.585,97.319,98.41,99.892,103.047,107.074,111.457,117.235,124.201,130.758,135.161,140.686,148.118,153.8,158.536,163.678,169.128,175.22,182.146,189.192,194.725,201.825,211.257,218.681,224.856,231.792,238.591,245.327,252.55,260.99,270.188,279.018,289.853,302.211,314.297,324.6,337.414,350.985,363.402,379.998,395.885,411.065,429.115,445.079,460.276,480.239
39.553,43.15,44.343,43.819,43.461,43.677,44.227,44.517,44.821,45.274,46.492,49.369,52.485,55.141,56.602,58.893,62.381,64.461,66.342,68.295,70.233,72.954,76.111,79.281,82.039,84.803,87.423,89.281,91.095,93.28,95.027,96.148,98.197,101.334,105.214,109.645,115.554,122.293,128.405,132.232,137.75,145.593,151.137,155.852,160.873,166.362,172.644,179.667,186.683,192.018,199.335,208.444,215.951,222.047,228.869,235.522,242.138,249.166,257.222,266.166,274.796,285.47,297.731,309.703,319.926,332.515,345.882,358.125,374.575,390.366,405.505,420.298,435.435,453.625
35.674,37.479,40.935,42.115,41.657,41.357,41.62,42.101,42.346,42.627,43.077,44.827,47.644,50.684,53.306,54.691,56.928,60.237,62.285,63.994,65.859,67.772,70.555,73.737,76.927,79.696,82.446,84.989,86.84,88.642,90.837,92.624,94.335,96.419,99.551,103.267,107.739,113.766,120.25,125.885,129.141,135.152,142.907,148.308,153.024,157.965,163.493,169.928,177.016,184.005,189.152,196.364,205.575,212.985,218.988,225.669,232.203,238.624,245.299,253.103,261.828,270.297,280.87,292.988,304.836,314.863,327.262,340.447,352.621,368.97,384.664,396.581,410.546,428.632
34.072,33.772,35.509,38.855,40.045,39.641,39.396,39.585,40.011,40.231,40.524,41.454,43.206,45.963,48.966,51.451,52.776,54.827,58.038,59.886,61.504,63.345,65.373,68.21,71.428,74.604,77.322,79.944,82.436,84.252,86.076,88.314,90.573,92.44,94.567,97.662,101.202,105.709,111.839,118.046,123.216,126.529,132.521,140.085,145.362,150.098,154.931,160.452,167.023,174.193,181.17,186.05,193.389,202.471,209.768,215.65,222.216,228.552,234.643,241.079,248.666,257.198,265.575,276.006,287.969,299.585,309.458,321.691,334.798,346.939,363.134,375.583,386.712,403.604
32.374,32.185,31.915,33.607,36.866,38.034,37.692,37.392,37.544,37.941,38.185,38.879,39.848,41.575,44.299,47.14,49.518,50.679,52.672,55.632,57.363,58.947,60.889,62.995,65.874,69.07,72.176,74.765,77.329,79.762,81.596,83.468,86.221,88.431,90.456,92.579,95.629,99.002,103.544,109.768,115.72,120.638,123.94,129.777,137.156,142.302,147.01,151.692,157.213,163.951,171.226,177.895,182.913,190.15,199.085,206.238,212.032,218.405,224.438,230.296,236.527,243.924,252.337,260.592,270.868,282.58,293.996,303.743,315.904,328.961,340.981,353.916,365.542,379.628
30.007,30.437,30.278,30.05,31.72,34.845,36.012,35.634,35.337,35.487,35.907,36.472,37.205,38.171,39.88,42.458,45.192,47.389,48.542,50.348,53.114,54.766,56.403,58.402,60.548,63.417,66.567,69.58,72.132,74.645,77.064,78.924,81.523,84.018,86.172,88.303,90.428,93.461,96.684,101.267,107.608,113.211,117.998,121.246,126.917,134.08,139.04,143.695,148.259,153.821,160.751,167.832,174.556,179.508,186.625,195.376,202.43,208.055,214.146,219.944,225.602,231.662,238.944,247.222,255.335,265.371,276.852,288.096,297.793,309.914,322.814,331.653,343.736,358.279
26.688,28.007,28.436,28.299,28.148,29.751,32.771,33.849,33.504,33.253,33.445,34.094,34.679,35.407,36.357,37.981,40.494,43.083,45.253,46.283,47.915,50.504,52.118,53.78,55.777,57.949,60.831,63.966,66.96,69.486,71.965,74.356,77.04,79.441,81.666,83.72,85.981,88.156,91.203,94.29,98.926,105.236,110.57,115.238,118.407,123.875,130.776,135.55,140.21,144.699,150.319,157.293,164.369,170.971,175.84,182.799,191.422,198.288,203.648,209.496,215.089,220.589,226.553,233.717,241.825,249.721,259.526,270.806,281.932,291.622,303.6,313.278,321.369,336.32
24.362,24.694,25.951,26.34,26.273,26.169,27.752,30.587,31.634,31.373,31.192,31.534,32.165,32.737,33.426,34.358,36.003,38.442,41.012,43.045,43.912,45.371,47.786,49.371,50.996,53.031,55.293,58.254,61.394,64.369,66.842,69.255,72.569,74.998,77.191,79.117,81.111,83.563,85.825,88.9,91.843,96.61,102.712,107.783,112.297,115.36,120.607,127.271,131.927,136.625,141.041,146.847,153.771,160.69,167.15,171.899,178.77,187.161,193.711,198.832,204.465,209.909,215.325,221.2,228.195,236.066,243.745,253.353,264.464,275.53,285.139,293.907,302.792,313.834
22.993,22.365,22.704,23.834,24.249,24.226,24.23,25.731,28.418,29.475,29.289,29.194,29.508,30.106,30.623,31.335,32.365,34.031,36.472,38.91,40.718,41.422,42.706,45.002,46.517,48.193,50.349,52.757,55.741,58.863,61.751,64.136,67.479,70.615,72.788,74.766,76.445,78.442,81.113,83.467,86.538,89.536,94.182,100.014,104.792,109.14,112.115,117.188,123.676,128.224,132.943,137.556,143.31,150.055,156.799,163.075,167.784,174.446,182.442,188.701,193.615,199.103,204.467,209.81,215.533,222.299,229.927,237.429,246.861,257.875,268.847,275.305,283.272,295.068
21.483,20.994,20.458,20.735,21.821,22.24,22.323,22.367,23.807,26.374,27.408,27.227,27.12,27.414,27.945,28.508,29.349,30.459,32.172,34.499,36.694,38.283,38.841,40.055,42.229,43.779,45.575,47.856,50.292,53.252,56.268,59.05,62.405,65.553,68.52,70.443,72.259,73.746,75.755,78.634,81.022,84.276,87.127,91.569,97.112,101.609,105.834,108.775,113.711,120.005,124.413,129.426,134.012,139.599,146.151,152.675,158.844,163.373,169.632,177.263,183.268,188.056,193.469,198.764,203.962,209.477,216.013,223.437,230.783,240.113,251.057,258.84,264.524,275.404
19.371,19.585,19.178,18.664,18.975,19.998,20.476,20.58,20.669,22.063,24.478,25.332,25.153,25.058,25.315,25.886,26.579,27.501,28.68,30.318,32.424,34.398,35.817,36.361,37.543,39.676,41.292,43.142,45.411,47.819,50.668,53.589,57.531,60.56,63.531,66.336,68.056,69.75,71.031,73.015,76.023,78.715,81.889,84.537,88.781,94.069,98.338,102.474,105.385,110.148,116.208,120.904,125.893,130.333,135.746,142.053,148.419,154.314,158.436,164.338,171.646,177.481,182.222,187.564,192.715,197.71,203.031,209.373,216.617,223.871,233.198,240.983,247.857,256.518
16.504,17.649,17.879,17.491,17.092,17.406,18.42,18.877,19.02,19.165,20.491,22.489,23.273,23.113,23.022,23.328,24.006,24.77,25.756,26.886,28.354,30.259,32.06,33.42,33.988,35.162,37.279,38.897,40.722,42.944,45.257,48.024,52.261,55.916,58.636,61.431,64.113,65.661,67.21,68.233,70.117,73.589,76.295,79.335,81.789,85.867,90.936,94.982,99.014,101.863,106.425,112.689,117.417,122.231,126.516,131.689,137.792,143.809,149.159,152.951,158.558,165.618,171.364,176.045,181.233,186.173,190.988,196.136,202.313,209.431,216.737,223.089,229.948,239.578
14.682,15.005,16.068,16.262,15.981,15.655,16.017,16.964,17.432,17.627,17.811,18.691,20.517,21.238,21.089,21.069,21.484,22.219,23.039,23.982,24.977,26.287,28.018,29.722,31.042,31.634,32.834,34.906,36.5,38.288,40.416,42.66,46.821,50.825,54.201,56.606,59.266,61.861,63.219,64.58,65.291,67.562,71.066,73.712,76.601,78.871,82.796,87.637,91.448,95.36,98.139,102.921,109.205,113.749,118.366,122.421,127.382,133.081,138.45,143.381,146.933,152.314,159.211,164.839,169.372,174.332,179.081,183.727,188.735,194.799,201.937,206.564,212.113,221.375
13.903,13.302,13.624,14.566,14.805,14.589,14.372,14.732,15.639,16.127,16.357,16.122,16.922,18.582,19.234,19.155,19.256,19.734,20.509,21.293,22.118,22.99,24.166,25.791,27.414,28.694,29.341,30.539,32.544,34.101,35.81,37.866,41.416,45.512,49.287,52.375,54.506,57.068,59.562,60.696,61.826,62.647,64.966,68.382,70.943,73.677,75.769,79.529,84.133,87.702,91.49,94.579,99.511,105.518,109.847,114.187,118.029,122.572,127.541,132.447,137.07,140.447,145.7,152.401,157.823,162.138,166.891,171.46,175.971,180.89,186.972,191.676,195.646,203.286
13.195,12.535,12.041,12.328,13.222,13.468,13.348,13.196,13.574,14.451,14.943,14.684,14.476,15.2,16.692,17.328,17.363,17.54,18.063,18.8,19.48,20.197,20.969,22.073,23.606,25.15,26.417,27.091,28.268,30.192,31.676,33.325,36.604,40.085,44.121,47.658,50.494,52.382,54.832,57.193,58.063,59.157,59.958,62.223,65.523,67.996,70.577,72.483,76.072,80.43,83.753,87.832,91.255,95.948,101.632,105.658,109.718,113.128,116.886,121.361,125.93,130.287,133.606,138.702,145.12,150.264,154.385,158.941,163.362,167.785,172.732,176.688,180.794,186.556
12.137,11.836,11.296,10.873,11.184,12.002,12.285,12.226,12.153,12.554,13.387,13.295,13.069,12.887,13.532,14.904,15.564,15.672,15.907,16.407,17.046,17.634,18.265,18.989,20.031,21.474,22.963,24.196,24.878,26.02,27.832,29.26,32.223,35.274,38.692,42.662,45.991,48.601,50.231,52.538,54.73,55.338,56.396,57.134,59.324,62.502,64.888,67.31,69.027,72.439,76.544,80.091,84.554,87.8,92.2,97.461,101.164,104.709,107.282,110.559,114.691,118.95,123.169,126.402,131.266,137.326,142.216,146.154,150.546,154.86,159.293,162.449,165.915,171.412
10.557,10.838,10.614,10.162,9.855,10.158,10.932,11.229,11.242,11.246,11.654,11.794,11.719,11.523,11.363,11.965,13.253,13.907,14.066,14.303,14.732,15.285,15.798,16.387,17.074,18.055,19.428,20.844,22.026,22.703,23.784,25.499,28.243,31.074,33.905,37.256,41.185,44.326,46.694,48.039,50.17,51.916,52.489,53.518,54.175,56.285,59.34,61.631,63.892,65.417,68.648,72.88,76.941,81.137,84.144,88.15,92.947,96.084,98.675,100.794,103.772,107.57,111.664,115.716,118.799,123.364,129.09,133.734,137.523,141.783,146.068,148.85,151.524,156.3
9.776,9.401,9.676,9.505,9.176,8.946,9.263,9.986,10.309,10.389,10.449,10.158,10.288,10.226,10.056,9.942,10.522,11.71,12.341,12.507,12.703,13.072,13.553,14.029,14.584,15.234,16.17,17.46,18.79,19.91,20.561,21.591,24.528,27.2,29.908,32.516,35.819,39.724,42.663,44.764,45.794,47.293,48.928,49.544,50.526,51.1,53.128,56.053,58.25,60.346,61.676,65.065,69.839,73.631,77.488,80.154,83.712,87.796,89.907,92.006,93.885,96.559,100.186,104.084,107.913,110.785,115.081,120.479,124.906,128.573,132.756,135.351,137.532,141.726
9.089,8.653,8.371,8.626,8.538,8.294,8.15,8.477,9.163,9.507,9.633,9.004,8.761,8.877,8.825,8.698,8.637,9.182,10.26,10.838,10.977,11.142,11.459,11.9,12.346,12.867,13.491,14.372,15.569,16.805,17.847,18.476,20.627,23.552,26.163,28.746,31.146,34.415,38.28,40.995,42.807,42.857,44.223,45.87,46.513,47.443,47.935,49.878,52.672,54.771,56.699,58.162,62.2,66.615,70.058,73.468,75.731,78.599,81.494,83.117,84.962,86.583,89.134,92.56,96.216,99.76,102.461,106.496,111.593,115.82,119.395,121.871,123.738,127.619
7.681,7.983,7.653,7.445,7.712,7.673,7.517,7.454,7.795,8.441,8.791,8.198,7.67,7.466,7.568,7.539,7.458,7.435,7.93,8.887,9.388,9.507,9.647,9.938,10.343,10.76,11.255,11.845,12.661,13.76,14.89,15.859,17.489,19.679,22.605,25.151,27.623,29.823,33.043,36.852,39.326,39.774,39.706,41.116,42.758,43.424,44.303,44.71,46.569,49.228,51.229,53.118,55.433,59.136,63.104,66.092,68.978,70.605,72.305,74.616,76.012,77.572,79.13,81.53,84.722,88.078,91.376,93.92,97.724,102.524,106.557,108.476,110.098,113.81
6.392,6.726,7.005,6.764,6.643,6.897,6.909,6.84,6.852,7.2,7.795,7.381,6.892,6.45,6.281,6.378,6.372,6.325,6.321,6.763,7.585,8.018,8.119,8.254,8.52,8.892,9.284,9.749,10.295,11.043,12.037,13.068,14.909,16.538,18.779,21.705,24.198,26.561,28.549,31.708,35.449,36.272,36.46,36.554,37.995,39.627,40.314,41.138,41.465,43.239,45.762,47.656,50.377,52.491,55.767,59.183,61.629,63.772,64.289,65.491,67.498,68.621,70.1,71.569,73.799,76.703,79.803,82.868,85.284,88.856,93.342,95.706,96.704,100.278
5.218,5.592,5.891,6.151,6.002,5.935,6.183,6.254,6.262,6.332,6.672,6.448,6.116,5.712,5.349,5.215,5.305,5.315,5.285,5.299,5.677,6.377,6.746,6.843,6.97,7.216,7.557,7.922,8.349,8.848,9.522,10.417,12.231,14.014,15.653,17.946,20.88,23.319,25.564,27.333,30.424,32.434,32.893,33.189,33.433,34.899,36.516,37.222,37.996,38.242,39.93,42.256,44.979,47.428,49.246,51.996,54.766,56.465,57.395,57.527,58.527,60.168,61.231,62.603,63.975,65.989,68.651,71.507,74.366,76.647,79.948,82.78,84.07,87.123
4.171,4.582,4.907,5.18,5.433,5.344,5.327,5.59,5.712,5.778,5.886,5.431,5.261,4.991,4.664,4.371,4.263,4.346,4.356,4.347,4.368,4.69,5.275,5.592,5.684,5.805,6.03,6.341,6.672,7.058,7.51,8.112,9.691,11.465,13.203,14.851,17.2,20.142,22.521,24.643,26.191,27.534,29.075,29.604,29.996,30.381,31.868,33.472,34.202,34.925,35.088,36.604,39.673,42.091,44.171,45.6,47.725,49.663,50.162,50.656,50.711,51.432,52.928,53.907,55.176,56.409,58.253,60.688,63.327,65.967,68.053,69.918,71.535,74.814
3.26,3.697,4.043,4.333,4.591,4.819,4.783,4.832,5.104,5.259,5.362,4.713,4.359,4.223,4.009,3.748,3.51,3.429,3.495,3.517,3.519,3.543,3.81,4.297,4.565,4.652,4.768,4.972,5.251,5.547,5.894,6.295,7.413,9.05,10.798,12.495,14.155,16.557,19.505,21.824,23.826,23.45,24.357,25.874,26.464,26.944,27.462,28.969,30.568,31.322,31.993,31.918,34.184,36.862,38.883,40.516,41.466,42.821,43.528,43.65,44.019,43.911,44.581,45.914,46.822,47.947,49.084,50.768,52.999,55.402,57.758,58.609,59.339,62.824
2.486,2.927,3.286,3.586,3.85,4.077,4.287,4.317,4.414,4.683,4.854,4.223,3.72,3.441,3.336,3.169,2.96,2.775,2.709,2.773,2.797,2.805,2.826,3.046,3.447,3.674,3.756,3.866,4.048,4.295,4.557,4.863,5.674,6.812,8.524,10.252,11.911,13.579,16.035,18.997,21.262,21.17,20.49,21.412,22.908,23.549,24.108,24.756,26.293,27.892,28.665,28.821,29.597,31.55,33.762,35.325,36.444,36.801,37.043,37.348,37.394,37.559,37.507,38.109,39.3,40.095,41.117,42.16,43.702,45.709,47.821,48.917,48.765,51.393
1.845,2.268,2.622,2.923,3.188,3.413,3.616,3.829,3.907,4.033,4.286,3.759,3.278,2.887,2.671,2.59,2.458,2.299,2.153,2.11,2.165,2.188,2.195,2.215,2.394,2.721,2.913,2.992,3.092,3.253,3.468,3.697,4.408,5.154,6.325,8.119,9.834,11.458,13.136,15.653,18.64,18.732,18.291,17.813,18.75,20.226,20.912,21.548,22.326,23.899,25.499,25.583,26.41,27.084,28.658,30.363,31.419,31.935,31.391,31.317,31.516,31.412,31.586,31.567,32.116,33.133,33.851,34.773,35.738,37.119,38.858,39.768,39.828,41.601
1.329,1.717,2.049,2.337,2.594,2.814,3.009,3.208,3.419,3.523,3.658,3.261,2.866,2.499,2.2,2.036,1.972,1.873,1.75,1.644,1.613,1.659,1.677,1.686,1.704,1.849,2.114,2.275,2.347,2.438,2.577,2.762,3.383,4.049,4.743,5.952,7.836,9.545,11.14,12.834,15.42,16.275,15.986,15.743,15.444,16.394,17.856,18.588,19.303,20.205,21.814,22.532,23.148,23.849,24.349,25.51,26.683,27.168,26.824,26.124,26.008,26.041,25.984,26.146,26.166,26.63,27.513,28.159,28.995,29.863,31.045,31.679,31.626,33.427
0.926,1.277,1.575,1.839,2.079,2.286,2.47,2.655,2.846,3.044,3.157,2.73,2.439,2.143,1.868,1.644,1.519,1.473,1.396,1.308,1.23,1.208,1.243,1.259,1.268,1.284,1.402,1.614,1.748,1.811,1.893,2.012,2.566,3.157,3.789,4.435,5.691,7.672,9.385,10.961,12.676,13.323,13.713,13.604,13.536,13.394,14.359,15.819,16.601,17.391,18.408,19.127,20.102,20.616,21.132,21.414,22.145,22.748,22.454,21.948,21.33,21.116,21.167,21.135,21.296,21.316,21.724,22.485,23.072,23.81,24.544,24.775,24.56,26.082
0.621,0.934,1.197,1.43,1.643,1.832,2,2.17,2.342,2.517,2.693,2.308,2.001,1.786,1.568,1.366,1.201,1.109,1.074,1.021,0.957,0.898,0.881,0.908,0.922,0.93,0.946,1.04,1.208,1.317,1.374,1.443,1.877,2.448,3.02,3.622,4.226,5.535,7.623,9.35,10.916,10.835,11.07,11.535,11.585,11.671,11.663,12.651,14.127,14.957,15.815,16.035,16.841,17.629,17.99,18.289,18.33,18.605,18.48,18.045,17.597,16.998,16.847,16.897,16.894,17.023,17.062,17.42,18.079,18.595,19.207,19.141,18.689,19.877
0.4,0.668,0.896,1.097,1.281,1.444,1.594,1.744,1.897,2.05,2.202,1.926,1.655,1.433,1.279,1.122,0.974,0.856,0.788,0.765,0.727,0.68,0.635,0.622,0.644,0.656,0.664,0.678,0.752,0.883,0.972,1.019,1.382,1.811,2.406,2.963,3.54,4.108,5.476,7.683,9.435,9.163,8.88,9.194,9.73,9.918,10.137,10.249,11.27,12.772,13.648,13.66,13.92,14.556,15.128,15.312,15.383,15.15,14.842,14.569,14.19,13.746,13.293,13.181,13.238,13.233,13.35,13.405,13.726,14.281,14.702,14.614,14.024,14.824
0.246,0.466,0.657,0.825,0.98,1.117,1.244,1.373,1.504,1.636,1.765,1.537,1.349,1.157,1.001,0.892,0.78,0.677,0.591,0.545,0.528,0.5,0.464,0.432,0.423,0.44,0.45,0.457,0.47,0.527,0.628,0.698,1.016,1.378,1.807,2.432,2.979,3.536,4.072,5.509,7.843,7.776,7.298,7.285,7.672,8.273,8.584,8.923,9.142,10.201,11.739,11.663,11.636,11.841,12.289,12.64,12.64,12.468,11.849,11.464,11.221,10.85,10.523,10.179,10.107,10.145,10.153,10.262,10.336,10.612,11.05,10.897,10.382,10.885
0.143,0.316,0.468,0.604,0.73,0.841,0.946,1.05,1.159,1.268,1.375,1.199,1.047,0.918,0.786,0.678,0.602,0.524,0.453,0.394,0.362,0.347,0.326,0.301,0.279,0.273,0.285,0.293,0.299,0.309,0.353,0.429,0.751,1.057,1.424,1.858,2.516,3.056,3.6,4.109,5.623,6.312,6,5.786,6.017,6.469,7.137,7.556,8.005,8.314,9.414,9.886,9.688,9.675,9.794,10.055,10.198,10.01,9.507,8.931,8.616,8.363,8.098,7.853,7.609,7.547,7.583,7.603,7.673,7.789,8.004,7.941,7.458,7.854
0.079,0.204,0.32,0.424,0.524,0.609,0.692,0.776,0.858,0.947,1.027,0.907,0.793,0.691,0.604,0.515,0.443,0.389,0.338,0.29,0.249,0.223,0.213,0.199,0.181,0.166,0.162,0.17,0.175,0.18,0.189,0.221,0.314,0.84,1.139,1.512,1.955,2.651,3.188,3.722,4.212,4.438,4.666,4.57,4.588,5.037,5.553,6.286,6.806,7.351,7.737,7.854,7.954,7.819,7.78,7.804,7.898,7.85,7.404,6.96,6.521,6.231,6.058,5.865,5.698,5.512,5.47,5.508,5.46,5.611,5.701,5.545,5.194,5.474
0.041,0.126,0.207,0.283,0.357,0.421,0.484,0.547,0.61,0.675,0.737,0.655,0.58,0.507,0.439,0.382,0.324,0.274,0.24,0.206,0.173,0.142,0.124,0.117,0.107,0.095,0.084,0.081,0.085,0.09,0.094,0.101,0.157,0.224,0.96,1.255,1.637,2.092,2.829,3.369,3.898,3.259,3.196,3.359,3.454,3.671,4.319,4.896,5.7,6.309,6.935,6.367,6.124,6.203,6.084,6.005,5.95,5.899,5.623,5.256,4.929,4.571,4.376,4.251,4.124,3.997,3.867,3.845,3.794,3.868,3.978,3.797,3.455,3.693
0.02,0.073,0.127,0.177,0.23,0.275,0.321,0.366,0.411,0.459,0.501,0.451,0.404,0.358,0.309,0.266,0.23,0.19,0.16,0.137,0.114,0.089,0.068,0.056,0.051,0.044,0.035,0.027,0.027,0.03,0.031,0.034,0.07,0.109,0.157,1.107,1.399,1.794,2.264,3.046,3.591,2.962,2.283,2.239,2.35,2.61,3.003,3.834,4.473,5.347,6.032,5.525,4.78,4.623,4.656,4.535,4.426,4.302,4.082,3.86,3.6,3.34,3.103,2.965,2.888,2.791,2.703,2.619,2.523,2.593,2.646,2.535,2.24,2.371
0.009,0.04,0.072,0.104,0.138,0.168,0.199,0.231,0.261,0.294,0.321,0.292,0.266,0.238,0.208,0.178,0.151,0.126,0.103,0.084,0.067,0.05,0.032,0.019,0.016,0.016,0.012,0.011,0.006,0.011,0.009,0.011,0.022,0.047,0.074,0.106,1.274,1.566,1.976,2.463,3.294,2.672,2.013,1.552,1.519,1.59,1.999,2.55,3.549,4.248,5.19,4.63,3.943,3.461,3.341,3.332,3.212,3.08,2.864,2.701,2.547,2.349,2.183,2.022,1.937,1.876,1.811,1.756,1.623,1.656,1.704,1.604,1.405,1.477
0.004,0.024,0.051,0.084,0.123,0.159,0.202,0.245,0.287,0.335,0.37,0.376,0.363,0.345,0.313,0.276,0.241,0.196,0.165,0.134,0.105,0.072,0.048,0.034,0.019,0.019,0.013,0.011,0.008,0.006,0.007,0.007,0.011,0.021,0.043,0.076,0.117,1.531,2.714,3.861,5.055,5.443,5.027,4.301,3.522,3.005,2.744,3.139,4.089,5.824,7.62,8.286,7.94,7.292,6.541,5.964,5.587,5.257,4.845,4.527,4.251,3.971,3.702,3.437,3.196,2.995,2.844,2.722,2.347,2.357,2.381,2.174,1.778,1.907
